{"inputs":[["d0ffffef93f5e1439170b97948e833285d588181b64550b829a031e1724e6430","e5ffffef93f5e1439170b97948e833285d588181b64550b829a031e1724e6430","2000000000000000000000000000000000000000000000000000000000000000","e9ffffef93f5e1439170b97948e833285d588181b64550b829a031e1724e6430","0000000000000000000000000000000000000000000000000000000000000000","2000000000000000000000000000000000000000000000000000000000000000","2000000000000000000000000000000000000000000000000000000000000000"]],"pretty_elements":{"rescaled_inputs":[["-1.53125","-0.875","1","-0.75","0","1","1"]],"inputs":[["0x30644e72e131a029b85045b68181585d2833e84879b9709143e1f593efffffd0","0x30644e72e131a029b85045b68181585d2833e84879b9709143e1f593efffffe5","0x0000000000000000000000000000000000000000000000000000000000000020","0x30644e72e131a029b85045b68181585d2833e84879b9709143e1f593efffffe9","0x0000000000000000000000000000000000000000000000000000000000000000","0x0000000000000000000000000000000000000000000000000000000000000020","0x0000000000000000000000000000000000000000000000000000000000000020"]],"processed_inputs":[],"processed_params":[],"processed_outputs":[],"rescaled_outputs":[["1.1355218887329102","-0.7303504943847656","-0.10245037078857422"]],"outputs":[["0x0000000000000000000000000000000000000000000000000000000000122b19","0x30644e72e131a029b85045b68181585d2833e84879b9709143e1f593eff4507d","0x30644e72e131a029b85045b68181585d2833e84879b9709143e1f593effe5c5e"]]},"outputs":[["192b120000000000000000000000000000000000000000000000000000000000","7d50f4ef93f5e1439170b97948e833285d588181b64550b829a031e1724e6430","5e5cfeef93f5e1439170b97948e833285d588181b64550b829a031e1724e6430"]],"processed_inputs":null,"processed_params":null,"processed_outputs":null,"max_lookup_inputs":0,"min_lookup_inputs":0,"max_range_size":16383,"version":"20.2.0"}