{"inputs":[["d4ffffef93f5e1439170b97948e833285d588181b64550b829a031e1724e6430","0500000000000000000000000000000000000000000000000000000000000000","c400000000000000000000000000000000000000000000000000000000000000","0001000000000000000000000000000000000000000000000000000000000000","8000000000000000000000000000000000000000000000000000000000000000","0000000000000000000000000000000000000000000000000000000000000000","0000000000000000000000000000000000000000000000000000000000000000"]],"pretty_elements":{"rescaled_inputs":[["-0.3515625","0.0390625","1.53125","2","1","0","0"]],"inputs":[["0x30644e72e131a029b85045b68181585d2833e84879b9709143e1f593efffffd4","0x0000000000000000000000000000000000000000000000000000000000000005","0x00000000000000000000000000000000000000000000000000000000000000c4","0x0000000000000000000000000000000000000000000000000000000000000100","0x0000000000000000000000000000000000000000000000000000000000000080","0x0000000000000000000000000000000000000000000000000000000000000000","0x0000000000000000000000000000000000000000000000000000000000000000"]],"processed_inputs":[],"processed_params":[],"processed_outputs":[],"rescaled_outputs":[["-1.34375","3.984375","-2.46875"]],"outputs":[["0x30644e72e131a029b85045b68181585d2833e84879b9709143e1f593efffff55","0x00000000000000000000000000000000000000000000000000000000000001fe","0x30644e72e131a029b85045b68181585d2833e84879b9709143e1f593effffec5"]]},"outputs":[["55ffffef93f5e1439170b97948e833285d588181b64550b829a031e1724e6430","fe01000000000000000000000000000000000000000000000000000000000000","c5feffef93f5e1439170b97948e833285d588181b64550b829a031e1724e6430"]],"processed_inputs":null,"processed_params":null,"processed_outputs":null,"max_lookup_inputs":0,"min_lookup_inputs":0,"max_range_size":16383,"version":"20.2.0"}