{"inputs":[["fbffffef93f5e1439170b97948e833285d588181b64550b829a031e1724e6430","fdffffef93f5e1439170b97948e833285d588181b64550b829a031e1724e6430","0400000000000000000000000000000000000000000000000000000000000000","feffffef93f5e1439170b97948e833285d588181b64550b829a031e1724e6430","0000000000000000000000000000000000000000000000000000000000000000","0400000000000000000000000000000000000000000000000000000000000000","0400000000000000000000000000000000000000000000000000000000000000"]],"pretty_elements":{"rescaled_inputs":[["-1.5","-1","1","-0.75","0","1","1"]],"inputs":[["0x30644e72e131a029b85045b68181585d2833e84879b9709143e1f593effffffb","0x30644e72e131a029b85045b68181585d2833e84879b9709143e1f593effffffd","0x0000000000000000000000000000000000000000000000000000000000000004","0x30644e72e131a029b85045b68181585d2833e84879b9709143e1f593effffffe","0x0000000000000000000000000000000000000000000000000000000000000000","0x0000000000000000000000000000000000000000000000000000000000000004","0x0000000000000000000000000000000000000000000000000000000000000004"]],"processed_inputs":[],"processed_params":[],"processed_outputs":[],"rescaled_outputs":[["2.07421875","-0.6171875","0.18359375"]],"outputs":[["0x0000000000000000000000000000000000000000000000000000000000000213","0x30644e72e131a029b85045b68181585d2833e84879b9709143e1f593efffff63","0x000000000000000000000000000000000000000000000000000000000000002f"]]},"outputs":[["1302000000000000000000000000000000000000000000000000000000000000","63ffffef93f5e1439170b97948e833285d588181b64550b829a031e1724e6430","2f00000000000000000000000000000000000000000000000000000000000000"]],"processed_inputs":null,"processed_params":null,"processed_outputs":null,"max_lookup_inputs":0,"min_lookup_inputs":0,"max_range_size":16383,"version":"20.2.0"}